customer_id,period,average_spent,previous_period_average_spent,average_spent_change
C008,recent,315.750000,134.750000,181.000000
C005,recent,326.000000,212.000000,114.000000
C007,recent,314.500000,213.000000,101.500000
C010,recent,237.000000,170.333333,66.666667
C003,recent,239.000000,221.000000,18.000000
C004,recent,234.000000,226.000000,8.000000
C001,recent,261.666667,415.000000,-153.333333
